uf,ano_fluxo,evasao_t,previsao,erro,erro_abs,fold
Acre,2021-2022,15.2,15.229036172235594,-0.029036172235594293,0.029036172235594293,1
Alagoas,2021-2022,16.8,13.337825668073881,3.4621743319261196,3.4621743319261196,1
Amapá,2021-2022,18.0,16.4503806837259,1.5496193162741,1.5496193162741,1
Amazonas,2021-2022,16.1,14.762772382945068,1.3372276170549338,1.3372276170549338,1
Bahia,2021-2022,17.1,14.864347378816872,2.23565262118313,2.23565262118313,1
Ceará,2021-2022,14.4,14.758787374221873,-0.35878737422187257,0.35878737422187257,1
Distrito Federal,2021-2022,14.5,12.465628410161578,2.034371589838422,2.034371589838422,1
Espírito Santo,2021-2022,16.4,13.634603301149443,2.765396698850555,2.765396698850555,1
Goiás,2021-2022,18.4,15.338629330683327,3.0613706693166716,3.0613706693166716,1
Maranhão,2021-2022,13.4,17.689859347232982,-4.289859347232982,4.289859347232982,1
Mato Grosso,2021-2022,16.7,14.582834368894181,2.1171656311058182,2.1171656311058182,1
Mato Grosso do Sul,2021-2022,18.2,15.599346405330396,2.6006535946696037,2.6006535946696037,1
Minas Gerais,2021-2022,13.6,12.423864012835372,1.1761359871646277,1.1761359871646277,1
Paraná,2021-2022,14.4,14.538234264423483,-0.13823426442348286,0.13823426442348286,1
Paraíba,2021-2022,15.2,13.608916957866152,1.5910830421338478,1.5910830421338478,1
Pará,2021-2022,17.9,15.264384545704296,2.635615454295703,2.635615454295703,1
Pernambuco,2021-2022,16.0,14.433958793156767,1.5660412068432326,1.5660412068432326,1
Piauí,2021-2022,12.0,15.654011605576047,-3.6540116055760468,3.6540116055760468,1
Rio Grande do Norte,2021-2022,13.8,13.016338350708127,0.783661649291874,0.783661649291874,1
Rio Grande do Sul,2021-2022,15.2,11.765627740247263,3.4343722597527364,3.4343722597527364,1
Rio de Janeiro,2021-2022,12.8,12.421086898404903,0.3789131015950975,0.3789131015950975,1
Rondônia,2021-2022,21.5,15.514257658985985,5.985742341014015,5.985742341014015,1
Roraima,2021-2022,19.4,15.845574963423996,3.554425036576003,3.554425036576003,1
Santa Catarina,2021-2022,18.7,15.305926282540598,3.394073717459401,3.394073717459401,1
Sergipe,2021-2022,17.6,12.96562528963234,4.634374710367661,4.634374710367661,1
São Paulo,2021-2022,17.8,14.48342349896454,3.3165765010354615,3.3165765010354615,1
Tocantins,2021-2022,12.6,14.048649934915483,-1.4486499349154833,1.4486499349154833,1
Acre,2022-2023,17.6,17.91738461352039,-0.3173846135203888,0.3173846135203888,2
Alagoas,2022-2023,15.7,18.034739180101912,-2.334739180101913,2.334739180101913,2
Amapá,2022-2023,18.5,17.973721895365916,0.5262781046340841,0.5262781046340841,2
Amazonas,2022-2023,17.3,17.556362709105876,-0.25636270910587555,0.25636270910587555,2
Bahia,2022-2023,17.3,16.398829232887568,0.9011707671124327,0.9011707671124327,2
Ceará,2022-2023,15.8,16.628537817826576,-0.8285378178265752,0.8285378178265752,2
Distrito Federal,2022-2023,14.7,13.867753567245622,0.8322464327543777,0.8322464327543777,2
Espírito Santo,2022-2023,15.9,16.63335157619114,-0.7333515761911382,0.7333515761911382,2
Goiás,2022-2023,17.1,17.19586394076704,-0.09586394076703897,0.09586394076703897,2
Maranhão,2022-2023,14.3,15.762837939773942,-1.4628379397739408,1.4628379397739408,2
Mato Grosso,2022-2023,17.9,17.10982770876251,0.7901722912374893,0.7901722912374893,2
Mato Grosso do Sul,2022-2023,17.2,17.19586394076704,0.0041360592329589,0.0041360592329589,2
Minas Gerais,2022-2023,14.5,14.327958385870877,0.17204161412912278,0.17204161412912278,2
Paraná,2022-2023,14.7,14.994144760844877,-0.29414476084487795,0.29414476084487795,2
Paraíba,2022-2023,14.4,16.59143735592569,-2.191437355925691,2.191437355925691,2
Pará,2022-2023,17.6,17.367464616071874,0.232535383928127,0.232535383928127,2
Pernambuco,2022-2023,16.3,16.907295508070735,-0.6072955080707345,0.6072955080707345,2
Piauí,2022-2023,12.3,12.633190777174104,-0.33319077717410295,0.33319077717410295,2
Rio Grande do Norte,2022-2023,22.2,14.912826075990331,7.287173924009668,7.287173924009668,2
Rio Grande do Sul,2022-2023,18.8,16.959808376782732,1.8401916232172688,1.8401916232172688,2
Rio de Janeiro,2022-2023,14.1,14.154597831042206,-0.054597831042206835,0.054597831042206835,2
Rondônia,2022-2023,18.9,17.305585064757945,1.5944149352420531,1.5944149352420531,2
Roraima,2022-2023,21.9,17.305585064757945,4.594414935242053,4.594414935242053,2
Santa Catarina,2022-2023,18.3,17.305585064757945,0.9944149352420553,0.9944149352420553,2
Sergipe,2022-2023,15.8,14.915301723517095,0.8846982764829061,0.8846982764829061,2
São Paulo,2022-2023,15.9,17.134846656031044,-1.2348466560310438,1.2348466560310438,2
Tocantins,2022-2023,17.3,14.08713099765295,3.21286900234705,3.21286900234705,2
Acre,2023-2024,17.6,17.561861176297214,0.03813882370278776,0.03813882370278776,3
Alagoas,2023-2024,17.3,16.51865324368776,0.7813467563122423,0.7813467563122423,3
Amapá,2023-2024,19.1,17.757794703549155,1.342205296450846,1.342205296450846,3
Amazonas,2023-2024,20.9,16.912354531962247,3.9876454680377513,3.9876454680377513,3
Bahia,2023-2024,17.5,16.56417632062835,0.9358236793716515,0.9358236793716515,3
Ceará,2023-2024,17.1,16.408486737160597,0.6915132628394041,0.6915132628394041,3
Distrito Federal,2023-2024,16.9,14.789925301174819,2.11007469882518,2.11007469882518,3
Espírito Santo,2023-2024,19.2,15.657596772464336,3.5424032275356634,3.5424032275356634,3
Goiás,2023-2024,19.6,16.286543242290918,3.3134567577090834,3.3134567577090834,3
Maranhão,2023-2024,17.5,15.531258866072092,1.9687411339279084,1.9687411339279084,3
Mato Grosso,2023-2024,18.5,17.13325638221007,1.366743617789929,1.366743617789929,3
Mato Grosso do Sul,2023-2024,20.1,16.414480605058987,3.6855193949410143,3.6855193949410143,3
Minas Gerais,2023-2024,17.3,16.9165034014501,0.38349659854990037,0.38349659854990037,3
Paraná,2023-2024,15.9,16.39230819407251,-0.4923081940725087,0.4923081940725087,3
Paraíba,2023-2024,13.0,15.511451513548202,-2.5114515135482023,2.5114515135482023,3
Pará,2023-2024,17.6,16.82603805055684,0.7739619494431622,0.7739619494431622,3
Pernambuco,2023-2024,15.3,15.346182758787823,-0.046182758787821854,0.046182758787821854,3
Piauí,2023-2024,11.6,12.864103509545572,-1.2641035095455724,1.2641035095455724,3
Rio Grande do Norte,2023-2024,15.0,17.418354151146808,-2.418354151146808,2.418354151146808,3
Rio Grande do Sul,2023-2024,17.9,17.049738227044347,0.8502617729556512,0.8502617729556512,3
Rio de Janeiro,2023-2024,18.2,14.902637169944509,3.2973628300554907,3.2973628300554907,3
Rondônia,2023-2024,18.8,17.18111666705835,1.6188833329416497,1.6188833329416497,3
Roraima,2023-2024,19.1,18.83457726534596,0.26542273465404165,0.26542273465404165,3
Santa Catarina,2023-2024,20.6,17.254304938356885,3.3456950616431165,3.3456950616431165,3
Sergipe,2023-2024,16.3,15.640509554843842,0.659490445156159,0.659490445156159,3
São Paulo,2023-2024,17.6,15.383303229158562,2.2166967708414393,2.2166967708414393,3
Tocantins,2023-2024,15.1,16.304190048089225,-1.2041900480892256,1.2041900480892256,3
